fish_id,species,length1_cm,length2_cm,length3_cm,height_cm,width_cm,girth_cm,age_years,water_temp_c,weight_g
1,Salmon,80.4,84.2,86.6,33.2,20.1,29.8,2.8,12.1,38281.6
2,Perch,21.3,22.1,22.6,7.6,7.1,8.5,3.5,8.7,802.8
3,Roach,16.1,16.8,17.5,5.9,4.3,5.5,1.3,10.6,225.9
4,Perch,12.2,12.7,13.0,4.4,3.7,5.0,1.3,16.1,155.2
5,Perch,32.8,33.6,35.2,13.6,10.2,14.2,4.8,21.8,3154.2
6,Bream,24.1,24.6,25.5,12.6,10.2,12.8,2.0,18.5,2093.4
7,Whitefish,28.3,29.6,30.3,13.6,9.9,12.1,3.3,16.8,2199.7
8,Roach,28.2,28.8,29.9,8.9,6.6,9.5,3.8,10.1,969.6
9,Pike,50.8,53.1,55.0,12.9,12.3,14.7,4.3,17.6,4588.5
10,Smelt,15.8,16.5,17.0,4.3,4.4,5.2,6.3,20.5,155.7
11,Perch,33.0,34.5,35.9,14.3,10.5,14.0,5.4,20.9,3526.6
12,Pike,55.8,59.1,61.2,16.0,8.9,14.7,4.7,20.1,4406.0
13,Smelt,18.9,20.0,20.9,5.0,3.6,5.9,4.3,20.4,204.5
14,Bream,31.9,32.9,34.3,21.5,14.2,18.1,2.3,19.0,6697.6
15,Pike,39.6,40.8,42.3,12.4,6.6,10.4,1.9,12.9,1771.6
16,Pike,50.7,53.2,54.4,11.4,10.8,15.1,4.6,14.7,3890.8
17,Smelt,8.0,8.5,8.7,2.8,1.4,2.5,2.7,9.7,17.8
18,Pike,70.5,73.1,76.2,16.4,13.2,21.6,1.9,16.4,7991.0
19,Salmon,42.1,43.9,45.0,12.5,8.3,14.7,2.6,15.1,3036.1
20,Perch,34.4,35.4,36.9,15.7,9.8,15.4,5.8,9.5,3995.1
21,Perch,29.7,31.1,31.8,10.3,9.4,13.1,2.9,9.8,2026.8
22,Salmon,63.2,66.5,68.5,28.2,13.5,23.9,2.2,19.8,16904.1
23,Perch,35.4,36.9,37.7,12.6,8.5,14.5,5.7,11.7,2521.8
24,Roach,17.6,18.6,19.1,7.0,4.7,6.6,3.9,17.7,310.3
25,Pike,64.0,65.4,68.6,12.3,10.4,16.2,4.9,13.7,4326.3
26,Perch,25.8,27.0,28.2,11.3,6.6,11.1,4.8,18.1,1220.5
27,Pike,38.7,40.9,42.1,11.5,8.0,10.5,3.0,16.5,2106.0
28,Smelt,7.7,8.0,8.2,2.1,1.5,2.2,2.3,11.4,12.3
29,Roach,20.0,21.1,21.6,6.6,4.9,6.8,1.7,19.4,407.9
30,Roach,28.6,29.3,30.7,12.6,7.5,11.5,5.2,18.1,1544.6
31,Whitefish,27.3,28.1,29.5,10.7,9.1,11.5,1.0,20.3,1589.4
32,Pike,54.7,57.8,60.4,12.7,8.9,15.2,2.1,18.3,3275.7
33,Whitefish,31.2,32.9,34.4,14.1,11.8,14.9,3.6,8.5,2909.6
34,Pike,48.6,51.1,53.0,12.7,10.2,13.7,1.6,18.3,3404.1
35,Pike,50.8,52.9,54.7,15.1,8.9,14.4,4.1,20.2,3694.8
36,Bream,41.7,43.3,44.3,21.8,11.4,20.4,2.2,19.2,7153.4
37,Salmon,54.7,57.9,60.5,24.3,16.8,21.2,3.3,18.8,15039.6
38,Roach,21.8,23.0,23.7,8.6,7.4,9.2,4.0,8.7,827.9
39,Smelt,7.7,8.1,8.5,2.1,1.4,2.3,2.9,13.7,7.0
40,Smelt,11.4,12.1,12.7,3.4,2.7,3.6,2.6,8.7,60.8
41,Whitefish,53.1,55.6,57.4,26.8,17.8,23.4,6.4,12.9,15407.7
42,Salmon,63.0,66.0,67.3,20.7,13.3,20.5,2.4,14.6,11778.4
43,Perch,31.1,32.9,34.5,11.4,10.8,14.4,6.0,12.8,2622.4
44,Bream,28.0,29.0,30.3,13.0,9.3,14.1,4.3,14.2,2203.3
45,Pike,63.5,65.2,66.8,14.6,10.7,17.0,3.0,18.1,5351.3
46,Whitefish,34.9,36.5,38.0,14.5,11.4,14.4,1.9,12.4,3916.1
47,Smelt,10.7,11.3,11.7,3.1,1.9,3.1,2.8,19.1,32.3
48,Roach,21.9,22.9,23.9,7.2,6.8,8.3,1.4,12.7,572.9
49,Pike,30.6,32.0,33.3,6.2,4.9,7.7,1.9,20.5,508.5
50,Salmon,77.9,82.5,85.3,27.4,15.1,27.0,2.1,16.9,19590.4
51,Bream,35.3,36.1,37.8,14.7,14.0,17.9,4.3,9.6,5648.9
52,Roach,28.4,29.8,31.0,10.0,6.9,9.7,3.9,11.8,1110.2
53,Pike,76.8,81.1,83.1,19.5,19.4,23.5,7.3,21.5,18393.5
54,Perch,16.0,16.8,17.6,6.3,4.1,6.5,3.0,21.2,269.7
55,Salmon,83.8,86.8,89.0,34.0,22.3,30.8,5.7,12.4,38664.9
56,Smelt,12.0,12.4,12.9,3.4,3.3,3.9,3.8,14.7,80.0
57,Whitefish,28.7,29.6,30.8,12.7,6.6,12.0,1.4,15.3,1458.8
58,Whitefish,41.2,43.1,44.2,20.8,13.2,18.1,2.1,15.0,7523.8
59,Perch,35.9,37.8,38.6,15.7,9.3,16.4,5.1,15.0,3592.2
60,Perch,14.1,14.4,15.0,5.8,5.0,6.4,0.7,18.2,267.6
61,Smelt,11.3,12.0,12.4,4.0,2.4,3.4,2.5,15.7,61.3
62,Perch,22.9,24.1,24.7,11.4,7.2,10.0,2.6,20.4,1388.4
63,Bream,43.9,45.8,47.8,22.3,14.9,24.4,6.8,12.4,9559.5
64,Perch,24.5,25.8,26.6,8.3,6.6,10.4,2.8,15.9,864.1
65,Whitefish,32.5,33.4,34.6,14.8,12.2,16.2,1.9,14.8,3416.0
66,Bream,33.2,34.2,35.3,20.2,12.0,19.3,1.5,11.7,6218.3
67,Salmon,63.0,66.2,68.6,23.7,18.6,24.6,1.6,21.1,17664.4
68,Roach,24.5,25.9,26.7,10.5,7.3,9.1,5.2,14.8,1131.4
69,Perch,28.5,30.1,31.0,10.6,8.5,12.5,3.0,21.7,1642.7
70,Bream,39.9,41.7,42.6,24.3,17.6,22.6,2.0,9.3,12013.5
71,Roach,21.6,22.1,23.1,7.8,6.5,7.7,3.4,12.8,594.6
72,Salmon,82.7,86.5,90.2,30.5,17.1,28.6,4.0,12.7,26842.2
73,Bream,46.8,49.2,50.3,29.9,14.7,26.5,2.8,14.4,16067.1
74,Pike,65.2,67.3,68.9,17.7,14.8,20.1,5.3,16.5,9180.5
75,Perch,22.3,23.5,24.6,10.7,5.2,9.2,2.8,10.2,807.2
76,Salmon,80.0,83.1,86.1,26.0,21.2,28.0,7.0,17.8,27191.4
77,Smelt,19.2,20.0,20.5,5.1,4.4,5.5,5.2,15.2,218.1
78,Roach,18.2,18.9,19.4,7.0,3.7,6.4,1.9,8.6,271.7
79,Bream,39.1,40.0,41.9,17.3,12.3,19.0,4.1,10.4,5806.6
80,Whitefish,31.3,32.9,34.3,15.2,10.6,13.1,2.0,9.6,2877.1
81,Salmon,67.5,70.7,73.6,25.7,12.0,21.7,3.5,8.9,12593.1
82,Perch,33.0,33.9,35.6,11.2,10.0,12.7,4.3,18.3,2527.2
83,Bream,39.7,41.6,42.6,17.9,12.5,20.0,3.5,10.0,6816.1
84,Salmon,89.7,93.9,96.4,35.4,21.1,30.0,2.5,17.4,39732.4
85,Salmon,83.0,85.7,88.6,32.2,20.5,32.4,2.8,16.4,35900.7
86,Roach,34.0,35.0,35.8,11.0,8.0,14.3,3.3,14.6,1695.5
87,Perch,10.0,10.3,10.7,4.1,2.8,3.9,1.9,15.6,71.2
88,Perch,21.0,22.2,23.1,6.9,6.6,7.9,1.7,17.0,716.8
89,Salmon,77.7,80.5,84.0,24.8,19.4,27.1,5.4,18.3,23468.9
90,Smelt,17.7,18.2,19.1,5.8,4.1,5.8,2.3,19.1,211.3
91,Salmon,68.1,71.0,73.3,19.3,19.8,24.9,3.0,13.1,17162.8
92,Smelt,9.9,10.4,10.7,2.6,1.7,2.7,1.1,21.3,21.7
93,Pike,52.8,54.0,55.8,17.1,10.6,15.9,1.5,12.8,5847.3
94,Pike,70.2,72.4,74.5,18.8,14.1,20.7,4.6,21.1,10082.4
95,Pike,40.0,42.3,43.6,13.4,6.7,11.6,2.6,18.1,2093.4
96,Roach,16.4,17.2,17.9,7.9,5.7,7.0,1.4,13.0,421.1
97,Bream,31.7,32.8,33.6,16.1,10.1,16.8,4.3,20.9,3818.3
98,Roach,28.3,29.3,30.4,12.5,7.4,10.4,3.8,12.3,1515.9
99,Perch,15.0,15.5,15.8,4.7,3.9,6.0,2.3,10.5,185.0
100,Perch,22.4,23.6,24.4,8.8,6.4,9.9,2.7,9.3,822.9
101,Salmon,53.8,56.2,57.7,21.0,13.1,20.8,1.6,9.0,9606.6
102,Roach,28.1,29.3,30.2,10.6,6.5,10.1,3.8,21.0,1104.2
103,Bream,45.9,46.8,48.3,28.9,19.3,26.9,3.2,15.3,20251.2
104,Salmon,71.8,75.0,77.1,21.6,14.4,25.9,2.1,11.8,13367.2
105,Salmon,43.3,45.6,46.7,13.9,11.5,16.5,2.6,19.7,4198.8
106,Smelt,8.9,9.2,9.4,2.8,1.7,2.5,2.4,15.1,17.4
107,Smelt,7.1,7.3,7.6,2.3,1.6,2.1,1.1,13.8,8.2
108,Roach,25.7,27.1,28.1,8.0,6.9,10.1,2.9,14.4,917.0
109,Smelt,12.1,12.7,13.1,3.1,3.0,3.6,1.6,14.3,57.6
110,Roach,32.7,34.1,35.5,11.3,7.2,12.1,6.8,18.9,1663.0
111,Bream,42.2,43.0,45.0,15.8,13.5,20.5,1.9,19.2,7023.9
112,Salmon,85.5,88.9,91.2,36.1,19.3,31.6,2.8,9.5,36966.7
113,Whitefish,29.0,30.4,31.9,11.9,8.9,12.0,2.9,21.2,1982.9
114,Whitefish,31.1,32.8,34.3,11.8,10.2,13.8,2.4,16.2,2403.8
115,Smelt,16.2,16.7,17.5,5.1,3.3,5.3,4.2,16.7,151.0
116,Pike,46.5,48.1,50.3,13.6,9.8,13.0,3.4,14.9,3365.4
117,Whitefish,40.6,42.7,43.8,17.2,12.1,18.5,4.4,12.6,5652.0
118,Roach,33.0,34.3,35.7,12.8,8.6,12.0,6.1,10.4,2025.6
119,Roach,26.4,27.4,28.6,8.1,7.5,9.6,3.0,14.2,976.9
120,Salmon,60.7,62.4,63.7,23.5,18.6,22.4,1.7,10.3,18347.5
121,Perch,39.1,40.0,41.2,20.2,11.2,18.3,5.2,16.2,6464.3
122,Roach,18.3,19.3,19.8,5.6,5.6,6.8,3.4,11.5,357.7
123,Roach,30.7,31.8,33.4,12.2,6.4,10.6,6.0,17.6,1287.2
124,Perch,30.0,31.7,32.8,12.0,6.9,12.0,5.8,17.7,1862.1
125,Smelt,7.6,8.0,8.3,1.8,1.3,2.1,2.2,15.2,18.6
126,Salmon,78.3,82.8,85.1,28.9,20.3,30.4,4.4,21.9,31947.0
127,Bream,27.4,28.7,29.5,16.5,9.8,15.4,4.0,10.9,3478.5
128,Whitefish,43.0,45.4,47.0,16.2,15.3,20.5,4.1,8.0,7145.1
129,Pike,56.5,58.3,61.2,15.6,10.5,14.0,1.8,10.1,5644.8
130,Whitefish,30.2,31.8,32.5,14.4,9.1,14.1,2.5,16.5,2640.5
131,Roach,34.4,36.1,37.4,12.2,9.5,11.8,3.1,13.2,2388.5
132,Salmon,53.3,54.5,55.7,20.9,14.9,17.8,1.9,15.4,10048.7
133,Pike,45.0,46.0,48.2,15.9,10.1,13.7,4.3,17.4,4055.4
134,Pike,44.5,46.1,47.9,13.3,7.0,11.7,3.7,15.0,2277.9
135,Perch,37.9,39.3,40.6,14.2,8.8,15.4,3.7,9.4,3046.5
136,Perch,22.2,23.5,24.1,9.9,7.8,10.3,2.6,9.5,1137.4
137,Roach,33.5,35.1,36.0,13.4,6.9,12.2,2.3,20.8,1982.3
138,Roach,18.0,18.4,19.0,6.5,3.9,6.9,1.2,13.0,277.1
139,Bream,49.8,51.6,54.2,34.5,19.3,30.1,4.1,9.2,25622.5
140,Roach,20.5,21.3,22.0,9.0,6.2,8.1,4.4,21.7,725.3
141,Salmon,58.7,61.7,64.5,14.4,15.5,18.6,4.7,19.5,9486.1
142,Roach,24.8,25.6,26.3,9.1,7.2,8.9,3.6,10.7,979.4
143,Smelt,8.6,8.8,9.2,2.0,1.6,2.4,2.4,20.8,17.8
144,Whitefish,27.2,27.9,28.7,12.3,9.1,11.0,2.3,13.7,1841.6
145,Bream,42.8,43.8,44.8,23.2,16.3,23.2,4.8,19.0,10589.0
146,Perch,11.3,11.7,12.2,5.4,4.1,5.3,1.0,11.3,174.6
147,Bream,45.9,47.0,49.2,25.5,14.0,22.9,5.2,14.0,12312.1
148,Pike,64.8,67.7,70.7,17.8,11.1,16.2,1.8,21.1,7000.8
149,Whitefish,39.8,41.9,43.7,15.1,10.7,17.5,5.0,10.7,3648.6
150,Whitefish,44.8,45.7,47.1,23.1,14.9,20.8,2.1,20.6,9258.4
151,Whitefish,42.1,43.7,45.4,20.7,16.3,20.2,4.9,20.5,9487.4
152,Whitefish,30.0,31.5,32.4,11.4,9.1,13.0,2.3,19.4,1940.3
153,Roach,34.0,34.8,35.8,12.3,9.5,13.1,7.2,12.2,2437.2
154,Salmon,65.1,68.4,70.0,20.8,14.5,20.8,4.6,11.4,13446.6
155,Bream,33.7,34.9,35.9,21.4,12.3,19.8,5.3,22.0,6156.0
156,Roach,23.8,24.5,25.7,9.9,7.5,8.9,3.0,12.5,1046.0
157,Whitefish,53.7,54.8,57.3,17.0,16.0,22.1,5.2,9.2,8805.2
158,Salmon,44.0,46.3,47.3,18.3,10.5,15.6,3.1,19.5,5445.9
159,Whitefish,48.6,51.0,53.0,18.9,15.6,20.7,5.9,14.8,8521.9
160,Perch,14.9,15.3,15.9,5.3,4.7,6.8,2.8,18.0,237.7
161,Pike,34.1,35.4,36.9,8.6,4.9,8.6,1.2,12.6,823.9
162,Smelt,18.1,19.0,19.7,4.5,4.0,5.0,4.5,12.6,182.8
163,Bream,34.1,36.1,36.9,14.4,11.7,19.1,5.2,13.6,4477.2
164,Bream,43.9,45.5,47.7,25.3,16.8,26.0,6.2,19.0,12717.0
165,Smelt,14.6,14.9,15.6,5.5,3.5,4.9,3.6,12.7,156.9
166,Bream,38.5,40.5,42.3,22.8,16.1,22.7,2.3,21.7,10306.4
167,Smelt,18.4,19.0,19.8,5.4,3.4,5.6,4.1,13.5,177.2
168,Salmon,66.0,68.0,70.7,24.6,17.3,21.4,2.0,16.9,17496.9
169,Perch,39.0,41.0,42.9,16.0,11.0,15.2,4.9,13.9,4625.8
170,Pike,68.1,71.4,74.0,21.7,12.3,19.0,6.6,9.6,11432.1
171,Whitefish,33.4,34.4,35.3,12.3,11.2,16.3,1.4,21.0,3107.1
172,Roach,28.6,29.9,30.8,12.6,9.3,11.0,6.2,11.3,2106.3
173,Salmon,46.6,48.6,49.9,12.8,9.1,14.7,4.0,10.1,3544.1
174,Perch,23.1,23.9,24.4,11.5,6.5,10.6,3.0,10.7,1255.6
175,Salmon,83.4,88.0,90.4,30.9,16.8,30.3,4.0,12.3,30414.9
176,Whitefish,35.8,37.2,38.6,16.8,10.4,16.8,2.8,15.2,3988.2
177,Salmon,51.1,52.3,53.4,20.8,12.8,17.4,3.6,16.4,9069.9
178,Perch,12.6,13.1,13.7,4.1,2.9,5.1,1.7,17.4,110.1
179,Roach,26.5,27.3,28.2,7.8,7.3,9.8,3.4,20.1,874.6
180,Smelt,13.4,13.9,14.6,4.0,2.6,4.0,1.7,8.4,82.1
181,Whitefish,52.6,54.2,55.3,23.9,20.4,25.9,3.4,18.1,14520.5
182,Perch,39.7,41.8,43.5,18.1,9.0,15.3,7.0,9.4,4855.1
183,Pike,80.0,83.1,85.4,19.4,19.0,23.0,6.7,13.3,17057.5
184,Roach,16.4,16.8,17.6,7.2,4.4,6.1,1.0,9.1,315.6
185,Bream,27.0,27.6,28.7,15.6,12.9,15.3,3.1,19.0,3743.6
186,Bream,39.2,41.0,41.9,22.4,13.1,21.9,5.9,16.6,7962.8
187,Pike,63.0,65.0,67.5,18.3,11.3,17.3,6.3,11.8,6720.5
188,Whitefish,44.9,46.9,48.0,25.1,16.0,21.8,3.9,14.9,9968.9
189,Pike,66.6,68.8,71.4,17.3,12.4,19.4,5.0,11.1,7546.3
190,Salmon,79.5,83.1,84.9,21.8,19.3,28.9,6.3,8.3,21088.6
191,Whitefish,49.9,52.8,54.4,18.1,15.7,22.0,5.6,14.7,9524.4
192,Pike,55.0,57.0,59.1,12.6,9.9,14.5,3.4,9.7,4341.4
193,Pike,64.8,66.5,69.1,15.9,13.9,18.5,4.7,8.7,8247.1
194,Pike,76.7,80.7,83.0,20.6,12.9,19.5,6.6,21.4,12871.9
195,Pike,55.0,56.2,57.6,14.3,10.2,14.8,3.5,12.6,4690.6
196,Pike,45.5,48.2,50.2,14.0,10.2,12.8,2.7,17.5,3382.4
197,Smelt,8.3,8.7,9.1,2.6,1.5,2.4,3.2,17.6,11.6
198,Pike,78.4,82.4,86.0,24.1,16.2,22.4,6.9,10.1,16261.0
199,Roach,19.7,20.3,21.2,5.3,5.8,6.9,3.7,14.4,364.9
200,Roach,32.2,33.4,34.8,11.5,10.3,13.2,3.2,14.2,2278.1
201,Perch,37.0,38.2,39.1,14.5,10.2,14.1,3.5,15.1,3900.6
202,Smelt,14.4,15.3,15.7,4.6,4.0,4.8,1.6,9.1,136.7
203,Bream,20.5,21.1,21.6,13.5,10.0,12.1,2.2,15.9,1891.3
204,Bream,41.4,43.3,44.5,24.9,13.8,21.4,4.5,9.7,10897.1
205,Perch,21.9,22.4,23.1,9.5,8.0,9.6,2.9,16.6,1171.4
206,Salmon,75.8,79.5,81.6,23.6,15.9,24.3,5.7,22.0,18091.8
207,Pike,33.2,34.6,36.2,10.8,8.4,10.1,1.1,10.8,1775.5
208,Bream,33.3,34.3,35.9,13.5,12.8,16.7,3.0,19.1,3990.8
209,Pike,60.7,62.3,65.4,15.9,11.7,18.0,2.9,19.4,6908.1
210,Roach,25.8,27.1,28.0,9.1,8.5,10.0,5.3,10.1,1092.0
211,Bream,22.5,23.7,24.6,14.2,10.0,11.9,3.4,11.2,2482.6
212,Roach,18.2,19.1,19.8,6.8,4.6,6.7,2.8,21.2,322.6
213,Perch,23.7,24.5,25.7,8.6,7.2,10.8,2.2,17.8,970.8
214,Pike,48.3,50.0,51.9,12.5,7.2,12.5,4.0,11.9,2493.1
215,Roach,33.9,34.8,36.0,15.6,10.9,13.2,4.3,17.4,3633.7
216,Roach,33.8,35.5,36.4,14.8,10.4,12.6,5.8,9.7,3196.0
217,Roach,24.3,24.8,25.9,9.9,7.5,9.0,5.1,16.1,970.1
218,Whitefish,43.7,45.8,47.3,21.1,15.8,21.5,4.5,18.9,8576.4
219,Roach,17.3,18.3,18.9,5.7,4.5,6.2,3.1,18.9,286.0
220,Smelt,15.7,16.5,17.0,4.4,3.0,5.0,4.9,16.0,98.2
221,Whitefish,26.6,27.2,28.0,15.3,9.7,12.8,1.6,15.6,2260.2
222,Pike,57.7,59.8,61.8,19.9,10.5,16.7,4.6,16.8,6178.8
223,Whitefish,44.3,46.0,48.3,14.5,14.9,18.8,5.7,13.0,6384.4
224,Smelt,16.6,17.3,18.2,4.9,4.1,5.4,4.8,14.7,191.7
225,Roach,23.1,23.8,24.7,8.8,7.0,8.6,3.7,8.4,891.4
226,Salmon,58.1,59.6,62.0,21.7,12.9,19.1,2.4,17.5,10471.3
227,Bream,34.6,36.0,37.7,17.4,12.6,21.0,2.2,19.8,5181.4
228,Roach,19.6,20.6,21.2,9.3,6.0,7.9,3.1,18.6,610.3
229,Bream,33.3,34.2,35.5,16.6,11.0,19.6,2.5,18.9,4085.7
230,Smelt,11.0,11.5,11.9,3.5,1.8,3.1,1.3,12.2,45.0
231,Pike,72.6,75.4,78.9,15.9,15.2,20.1,3.6,12.9,10794.1
232,Smelt,10.6,10.9,11.2,3.9,2.5,3.3,2.7,11.4,60.7
233,Whitefish,45.8,47.2,48.7,17.5,15.7,19.8,4.2,19.8,7156.5
234,Whitefish,35.1,36.9,37.7,17.2,9.6,16.3,3.0,16.3,3878.0
235,Salmon,52.4,54.8,56.2,18.2,11.3,19.4,2.4,14.4,7352.1
236,Perch,33.3,34.4,36.1,11.8,8.4,14.5,2.5,10.1,2137.6
237,Salmon,57.9,59.4,62.2,19.1,12.9,20.2,2.0,10.6,9854.7
238,Whitefish,34.5,35.7,36.5,14.7,7.8,13.7,2.6,15.0,2581.4
239,Smelt,17.1,17.8,18.2,6.1,3.2,5.5,3.9,14.0,183.4
240,Whitefish,33.7,35.3,36.6,16.8,9.6,14.4,1.3,10.2,3591.8
241,Salmon,67.8,71.7,73.5,19.2,12.5,21.1,5.2,9.3,10476.3
242,Smelt,7.9,8.3,8.6,2.5,1.8,2.5,0.9,8.5,20.6
243,Smelt,18.0,19.0,19.8,5.1,3.8,6.0,5.7,16.5,203.5
244,Roach,27.0,28.1,29.3,10.1,7.4,10.8,5.6,18.6,1148.4
245,Pike,56.7,58.6,60.2,15.5,9.2,15.9,5.3,13.2,5094.9
246,Perch,10.6,10.9,11.2,5.0,3.3,4.9,0.9,9.7,120.9
247,Bream,28.8,30.0,31.5,18.4,12.6,15.9,1.4,11.9,4399.3
248,Whitefish,39.5,41.1,43.0,13.6,13.1,17.5,4.6,18.1,3893.3
249,Perch,20.9,22.1,22.8,9.9,5.3,9.4,2.1,12.6,754.7
250,Perch,18.7,19.2,19.9,6.2,5.5,7.7,2.5,17.4,421.5
251,Roach,24.2,24.8,26.0,7.3,6.1,8.3,2.9,10.7,701.5
252,Roach,16.1,16.6,17.4,6.9,3.7,6.3,1.9,21.5,218.8
253,Salmon,85.4,89.1,91.7,31.8,18.1,31.5,6.6,13.8,29473.0
254,Salmon,40.0,41.8,43.1,9.8,10.4,12.9,1.5,18.1,2867.1
255,Roach,17.2,18.1,18.6,4.8,4.6,6.0,1.3,11.3,228.3
256,Salmon,68.0,71.9,73.9,17.0,17.1,21.1,2.4,16.1,14409.2
257,Whitefish,49.1,51.9,54.2,21.2,14.1,22.5,6.7,9.2,9579.8
258,Salmon,64.6,68.4,71.6,23.9,20.8,24.6,3.9,8.8,23198.6
259,Smelt,17.4,17.8,18.2,3.9,3.2,4.9,6.7,21.7,131.0
260,Pike,56.0,58.9,61.4,14.4,11.2,14.1,2.7,9.1,5215.8
261,Bream,31.0,32.8,33.7,15.9,14.9,19.1,2.0,19.2,4714.3
262,Salmon,62.1,64.3,66.1,15.5,16.4,20.7,1.4,20.9,11247.2
263,Pike,47.2,49.8,52.0,11.4,11.5,13.7,4.4,8.8,3486.9
264,Bream,29.0,30.5,31.2,18.6,10.0,17.8,3.4,17.8,3774.0
265,Roach,16.4,16.9,17.4,6.1,3.9,6.1,2.8,15.8,259.8
266,Smelt,17.5,18.5,19.2,3.7,2.7,4.8,1.9,14.7,97.6
267,Salmon,81.1,83.0,87.0,25.6,23.1,28.2,6.9,17.6,30212.2
268,Salmon,83.4,87.2,89.5,33.8,16.5,28.4,6.7,15.4,29606.0
269,Perch,23.3,23.8,24.5,7.8,7.2,8.9,4.0,17.9,897.1
270,Pike,48.4,50.7,53.2,15.3,10.6,13.8,1.3,14.6,4670.2
271,Perch,15.3,16.0,16.5,6.5,4.9,6.7,2.2,14.4,318.6
272,Roach,16.2,17.0,17.4,4.6,4.1,5.9,2.3,19.9,197.5
273,Whitefish,45.3,47.0,48.1,25.4,12.2,22.1,6.1,21.4,7990.4
274,Pike,33.2,35.2,36.9,9.7,4.6,8.3,2.7,18.7,824.2
275,Perch,39.4,40.6,41.9,16.8,11.6,18.0,7.4,13.3,5205.1
276,Bream,38.2,39.3,40.5,23.9,17.1,21.7,3.3,11.4,10537.5
277,Pike,44.9,47.0,48.7,14.2,7.9,12.7,3.6,9.6,2783.7
278,Salmon,72.5,74.5,77.7,25.8,17.1,24.5,3.0,16.8,22290.5
279,Roach,19.4,20.4,21.2,7.3,6.0,7.3,1.6,14.5,460.5
280,Pike,69.5,72.5,75.6,20.3,14.7,17.9,4.4,9.2,12699.5
281,Salmon,72.9,75.9,79.0,22.0,17.6,24.0,4.0,20.5,16987.8
282,Roach,21.4,22.0,23.1,7.3,6.0,7.7,3.0,12.6,566.7
283,Smelt,17.2,17.8,18.5,4.3,2.7,4.9,1.9,19.3,113.2
284,Roach,26.9,28.5,29.8,8.9,6.2,9.7,2.1,8.6,923.4
285,Whitefish,47.2,48.5,50.5,18.8,16.6,19.7,2.3,8.6,8270.1
286,Smelt,19.7,20.7,21.4,5.9,3.9,6.1,5.6,13.0,251.9
287,Perch,26.7,27.6,28.4,14.4,8.9,12.2,5.0,12.3,2166.0
288,Smelt,13.4,13.7,14.0,4.0,2.7,3.6,1.7,10.9,81.8
289,Whitefish,29.0,30.2,31.6,9.8,9.8,11.9,2.3,21.6,1728.0
290,Whitefish,40.1,42.4,43.3,19.1,13.0,19.1,5.4,17.7,6268.8
291,Bream,36.9,38.6,40.1,20.3,17.8,22.6,4.8,15.8,8727.2
292,Perch,33.3,34.3,35.8,10.9,8.1,13.0,5.5,17.5,2112.6
293,Roach,18.2,19.3,20.2,7.7,5.3,7.6,3.6,11.4,397.6
294,Bream,32.7,33.8,34.9,18.6,13.1,18.4,1.5,21.6,6220.1
295,Pike,55.7,57.9,59.6,16.2,9.7,13.8,2.3,12.9,5507.8
296,Whitefish,41.4,42.7,44.5,16.0,11.6,18.9,4.6,20.9,4957.6
297,Whitefish,32.0,32.7,33.4,13.2,9.1,13.1,3.7,20.7,2603.7
298,Salmon,45.2,46.2,48.3,12.2,10.7,16.0,1.5,17.2,4138.6
299,Smelt,11.1,11.4,11.8,3.3,2.4,3.5,1.4,19.3,49.9
300,Smelt,18.5,19.1,19.7,6.6,4.3,6.0,3.1,14.3,308.2
301,Perch,14.1,14.4,15.0,5.9,3.0,5.3,1.4,13.8,172.8
302,Roach,18.5,19.3,20.1,8.4,5.6,7.2,3.7,16.3,524.5
303,Bream,26.4,27.0,28.0,13.9,8.1,14.6,3.3,14.7,2060.9
304,Roach,29.3,30.2,31.1,9.6,7.3,12.2,3.8,12.6,1199.0
305,Smelt,19.8,20.3,21.2,4.3,3.6,5.5,4.7,10.9,186.4
306,Bream,31.9,33.5,35.1,16.3,9.5,17.3,2.3,17.9,3308.2
307,Roach,19.6,20.5,21.4,5.8,5.9,7.6,1.7,15.3,421.3
308,Salmon,89.6,92.6,95.5,31.4,25.6,33.3,5.4,11.0,48866.9
309,Roach,33.6,34.4,36.0,13.8,9.3,12.0,3.5,10.9,2381.6
310,Pike,60.4,63.5,64.8,16.7,10.0,15.2,4.6,21.3,5617.9
311,Bream,47.0,49.2,51.0,28.4,18.4,24.4,2.9,19.9,16722.9
312,Perch,17.0,17.8,18.3,5.3,5.7,6.7,2.6,9.4,366.4
313,Bream,47.9,50.3,52.1,24.0,18.1,26.7,3.0,17.2,14758.0
314,Pike,46.6,47.8,49.3,15.5,11.7,14.3,2.9,20.9,4721.7
315,Salmon,87.3,91.9,95.5,25.3,22.5,30.1,5.4,15.2,35104.5
316,Pike,72.4,74.1,77.2,16.4,14.1,18.8,6.6,10.6,9791.9
317,Bream,41.6,43.3,45.0,18.3,12.5,22.6,5.9,13.3,6659.4
318,Pike,79.0,83.6,85.5,20.9,18.1,22.9,7.6,10.0,17751.3
319,Perch,23.9,25.0,26.0,7.0,5.1,9.1,1.6,11.3,650.6
320,Roach,33.7,34.4,35.7,10.3,9.2,13.0,2.7,12.9,1917.4
321,Bream,28.6,30.0,31.3,14.3,11.4,15.4,1.4,20.9,3361.8
322,Whitefish,33.8,35.8,37.2,15.1,11.7,15.1,2.1,17.0,3809.4
323,Salmon,70.7,73.1,75.7,24.5,15.2,23.0,2.9,10.5,18794.4
324,Roach,16.9,17.7,18.2,6.1,5.1,6.3,2.1,21.0,341.8
325,Pike,65.4,68.8,72.1,22.1,13.3,18.6,4.8,20.9,10129.2
326,Smelt,16.9,17.5,18.2,4.0,4.1,4.8,6.6,21.6,144.7
327,Bream,49.2,50.5,52.0,30.2,20.6,27.6,3.8,14.1,22561.4
328,Perch,38.6,40.5,41.4,17.9,10.8,17.8,4.8,21.4,5211.7
329,Whitefish,39.3,40.7,42.6,13.2,12.5,16.3,5.3,14.8,4420.8
330,Bream,40.6,41.8,43.1,23.3,16.7,22.1,6.5,14.8,10447.8
331,Bream,41.0,43.2,44.8,19.8,15.5,24.8,2.5,16.6,9312.1
332,Roach,19.9,20.9,21.5,8.8,6.2,7.9,1.3,15.5,657.3
333,Salmon,60.0,63.4,66.1,24.5,13.3,22.1,4.1,16.1,13869.8
334,Roach,24.3,25.6,26.2,11.2,5.7,9.9,3.6,8.2,963.9
335,Smelt,11.8,12.3,12.7,2.5,2.4,3.2,1.9,9.7,35.7
336,Salmon,84.3,87.0,89.4,28.9,16.5,28.0,2.0,17.3,28596.7
337,Smelt,16.5,17.2,18.0,5.3,2.5,4.5,1.7,12.7,116.8
338,Smelt,15.3,16.2,16.8,4.6,2.9,4.2,3.3,13.2,121.7
339,Smelt,11.3,11.8,12.3,2.7,2.6,3.3,3.5,10.0,49.9
340,Whitefish,42.0,44.3,45.4,23.5,11.2,20.0,2.6,11.7,7207.8
341,Salmon,43.6,45.8,47.2,13.3,12.6,16.8,2.0,12.5,4771.0
342,Pike,66.0,68.9,72.0,21.1,10.5,18.8,4.9,18.7,7541.0
343,Pike,78.9,82.5,85.2,22.8,20.0,24.7,5.9,15.6,22377.3
344,Smelt,14.4,15.0,15.7,3.1,3.1,3.9,5.2,20.3,76.6
345,Roach,30.7,31.7,33.0,13.6,9.2,12.3,2.8,11.0,2290.7
346,Pike,50.7,52.9,54.3,11.3,10.8,13.0,2.9,10.1,3601.4
347,Salmon,72.9,75.9,78.3,25.0,18.4,25.7,2.2,15.3,22771.2
348,Perch,23.5,24.7,25.8,8.7,8.2,11.0,3.0,16.5,1026.6
349,Bream,28.9,30.5,31.2,18.6,11.3,17.2,2.4,9.4,4197.6
350,Pike,32.5,33.8,35.4,9.0,6.7,9.4,2.6,18.7,1195.4
351,Bream,39.0,40.8,42.1,21.4,15.1,19.3,5.7,14.4,8822.2
352,Whitefish,38.2,39.3,40.7,13.3,9.7,16.3,4.8,17.3,3099.9
353,Bream,40.6,41.7,42.9,17.2,12.7,21.1,3.4,21.2,6032.4
354,Perch,10.7,11.3,11.7,4.6,3.1,4.0,1.9,20.6,121.8
355,Roach,18.2,19.1,19.7,6.0,3.8,6.2,2.1,19.5,274.4
356,Perch,13.4,13.7,14.2,5.5,3.7,5.4,2.5,17.2,168.9
357,Salmon,68.0,70.4,72.2,23.3,16.7,25.2,5.0,20.7,16643.8
358,Whitefish,33.0,34.6,35.7,11.5,9.6,14.3,4.2,17.7,2225.1
359,Perch,20.5,21.1,21.6,7.0,6.9,8.9,1.3,15.4,745.2
360,Salmon,59.8,62.4,64.6,17.3,12.8,22.1,2.7,21.5,8377.3
361,Perch,31.4,32.4,33.2,13.6,8.1,11.7,4.5,20.7,2529.5
362,Roach,26.3,27.6,28.3,11.5,7.4,10.0,2.1,18.4,1230.7
363,Pike,38.4,40.4,41.4,11.0,9.3,11.3,2.8,8.8,2255.7
364,Roach,29.2,29.9,30.6,8.8,6.9,9.8,5.3,20.4,1003.5
365,Salmon,76.5,78.5,81.7,24.0,17.8,23.7,2.6,12.0,19542.7
366,Perch,26.1,27.0,27.8,12.9,8.6,12.1,3.9,19.7,2011.9
367,Perch,37.3,38.1,39.0,20.3,9.8,17.1,3.3,16.7,5373.6
368,Salmon,87.3,90.7,92.5,26.5,18.6,30.0,4.1,13.8,25505.7
369,Bream,38.6,40.7,42.7,17.8,14.1,21.2,3.8,17.9,7015.7
370,Bream,34.6,36.1,37.8,16.3,17.3,20.6,4.3,19.9,7171.1
371,Pike,65.2,66.6,69.4,15.2,11.0,17.8,3.0,19.4,6729.7
372,Whitefish,29.3,30.6,31.9,13.3,8.2,13.6,4.0,16.4,2053.1
373,Pike,56.0,57.4,58.9,12.7,11.2,16.0,3.3,15.2,4858.9
374,Smelt,13.2,13.5,14.0,4.9,3.4,4.2,1.3,18.3,127.3
375,Whitefish,48.9,51.2,53.3,18.1,13.2,19.6,2.1,18.4,7656.9
376,Bream,37.7,39.5,40.7,15.6,12.8,19.4,4.1,13.9,4961.6
377,Salmon,57.4,60.2,61.9,25.2,15.5,21.7,2.3,13.1,13486.8
378,Bream,26.9,27.5,28.7,12.3,8.6,13.4,3.7,20.2,1989.9
379,Roach,16.6,17.1,17.7,5.4,4.4,5.8,1.8,20.0,238.4
380,Bream,37.0,38.9,40.3,20.6,12.9,20.4,4.8,18.6,7101.7
381,Salmon,71.6,74.9,77.7,26.2,16.2,25.2,4.2,19.3,19483.8
382,Roach,28.5,29.7,31.0,13.0,9.0,12.0,2.1,21.3,1897.6
383,Pike,76.3,80.5,82.1,17.3,18.3,21.7,7.6,15.6,13179.5
384,Whitefish,44.1,46.5,48.4,25.2,13.2,21.4,2.7,13.8,9260.6
385,Salmon,73.3,77.4,79.3,22.1,15.4,23.7,3.4,12.4,15327.5
386,Whitefish,46.8,49.4,51.6,24.2,15.7,21.7,3.0,20.5,11616.8
387,Whitefish,27.7,28.7,29.3,13.9,9.9,11.7,1.5,15.9,2447.3
388,Smelt,12.0,12.3,12.6,3.0,2.8,3.5,1.7,17.8,63.6
389,Perch,20.6,21.3,22.2,8.1,4.9,8.5,3.0,12.1,531.0
390,Salmon,51.4,53.1,54.6,17.7,10.7,17.0,3.2,21.5,6380.6
391,Smelt,10.1,10.4,10.8,2.9,2.2,2.9,3.9,19.7,31.9
392,Smelt,14.2,14.8,15.5,5.0,2.4,4.3,1.9,10.1,90.8
393,Perch,25.5,26.1,26.7,9.3,6.9,9.8,4.4,20.4,1205.6
394,Smelt,8.2,8.5,8.9,2.3,1.7,2.4,1.0,19.1,12.9
395,Salmon,69.7,71.2,73.3,28.0,23.1,27.3,5.4,10.8,29518.2
396,Whitefish,32.0,33.5,34.7,14.2,12.7,15.4,1.5,21.6,3863.4
397,Roach,19.8,20.6,21.1,8.8,6.7,7.9,1.6,17.2,714.0
398,Salmon,57.6,60.2,61.8,22.0,17.9,22.5,4.7,20.5,15450.5
399,Salmon,56.2,57.7,59.3,19.8,9.9,17.9,3.5,13.2,6584.5
400,Roach,18.3,18.9,19.6,7.8,6.3,7.7,2.9,19.6,526.4
401,Perch,21.4,22.4,23.1,9.0,6.9,9.4,3.1,16.9,990.3
402,Whitefish,27.1,28.1,28.8,10.6,8.9,10.8,1.5,20.6,1644.6
403,Salmon,40.7,42.6,43.6,10.7,8.6,14.1,1.6,14.8,2505.1
404,Perch,17.2,18.0,18.7,7.3,4.5,6.5,2.7,12.1,384.2
405,Whitefish,31.6,33.2,34.7,13.6,11.4,15.4,4.1,17.1,2903.5
406,Smelt,19.2,19.9,20.5,5.5,3.8,5.3,6.1,15.8,203.8
407,Whitefish,45.1,47.0,48.0,25.7,15.4,21.5,2.0,17.4,11372.0
408,Bream,45.9,47.6,49.2,28.4,19.8,27.2,4.5,10.5,17655.1
409,Pike,36.9,38.8,39.6,9.6,8.3,10.5,2.6,9.2,1694.8
410,Pike,31.7,33.4,35.0,10.1,6.2,9.2,0.8,15.1,1220.1
411,Pike,48.7,50.9,52.9,13.5,9.7,14.0,3.2,8.2,3267.9
412,Pike,78.8,80.8,83.3,20.0,15.5,22.4,3.4,9.4,13280.4
413,Whitefish,44.0,45.4,47.3,20.3,13.4,20.2,4.4,20.6,7199.2
414,Salmon,49.3,51.3,53.0,14.4,11.9,19.0,1.6,12.9,5634.0
415,Whitefish,25.7,26.7,27.9,11.4,8.1,11.6,1.2,9.3,1398.6
416,Salmon,47.2,48.5,50.6,16.4,11.5,15.9,1.3,10.3,6342.4
417,Salmon,80.3,82.5,85.4,35.6,22.1,31.4,6.0,12.2,43878.0
418,Perch,39.0,40.2,42.1,16.9,10.1,17.6,5.9,13.6,4793.2
419,Roach,19.8,20.5,21.3,6.8,5.4,7.1,2.5,11.4,434.1
420,Whitefish,42.9,45.1,46.8,18.5,16.4,20.9,4.0,21.4,8131.2
421,Bream,40.2,41.1,42.2,17.1,14.9,22.2,3.1,9.2,7923.8
422,Smelt,12.8,13.1,13.6,4.1,2.7,3.9,3.1,9.2,86.8
423,Roach,32.4,33.3,34.6,10.5,6.8,12.0,5.6,19.8,1461.3
424,Pike,44.9,45.9,46.9,12.0,7.6,12.4,3.6,20.1,2393.0
425,Perch,35.1,36.6,38.1,15.2,11.1,16.0,6.7,20.2,3896.3
426,Smelt,16.6,17.4,18.2,6.1,3.4,5.1,6.6,10.4,211.8
427,Whitefish,25.6,26.3,27.6,8.1,7.5,10.7,2.9,19.1,882.9
428,Roach,17.1,17.6,18.2,6.8,4.4,6.5,1.7,9.6,325.2
429,Whitefish,37.4,38.6,39.5,16.9,12.7,17.5,1.9,16.3,5110.8
430,Bream,33.5,34.5,35.8,14.9,13.0,17.9,2.3,9.0,4520.3
431,Roach,16.4,16.9,17.4,6.8,5.3,6.7,1.3,11.1,331.3
432,Bream,46.2,48.5,49.6,25.0,18.9,27.8,5.3,14.9,15687.2
433,Whitefish,46.3,48.5,50.8,24.0,14.2,21.0,2.2,13.3,8714.6
434,Whitefish,35.2,37.1,38.8,15.4,13.3,17.1,3.0,9.4,4546.8
435,Pike,36.2,37.1,38.0,10.4,6.3,9.7,1.6,16.9,1493.2
436,Salmon,80.9,85.2,87.2,25.9,23.5,30.1,5.8,8.5,32247.4
437,Perch,36.0,36.9,38.0,16.4,9.0,16.2,2.5,13.9,3442.8
438,Salmon,51.6,53.0,54.1,12.7,10.1,16.9,3.8,12.9,4859.1
439,Whitefish,27.4,28.4,29.5,10.8,7.2,11.1,2.2,8.5,1451.8
440,Salmon,44.5,45.7,46.7,18.7,13.6,16.0,1.2,17.0,7700.0
441,Smelt,8.0,8.3,8.5,3.0,2.0,2.5,2.6,12.7,25.7
442,Salmon,51.1,52.7,54.4,12.8,11.8,16.3,2.5,9.2,4623.8
443,Smelt,12.9,13.4,13.9,4.0,2.2,3.8,1.9,20.7,61.1
444,Perch,19.0,19.9,20.3,10.1,6.0,8.9,3.0,14.2,714.1
445,Roach,26.8,27.8,28.8,10.8,5.3,9.1,4.4,11.7,964.4
446,Smelt,15.3,15.8,16.4,4.3,2.4,4.1,5.4,21.0,85.5
447,Bream,44.9,45.9,48.0,27.8,15.6,26.4,3.2,10.2,13319.6
448,Pike,79.5,83.3,85.3,23.0,19.6,24.8,3.2,15.1,19797.0
449,Smelt,15.9,16.3,17.0,4.5,2.8,4.4,5.4,9.2,119.3
450,Pike,57.5,58.9,60.6,15.8,9.7,16.2,2.1,17.2,5514.2
451,Bream,45.5,47.6,49.3,26.3,19.1,24.3,3.7,9.4,17015.7
452,Perch,38.0,39.2,40.8,15.1,10.8,15.6,5.3,18.4,4192.1
453,Smelt,8.4,8.7,9.0,2.5,1.7,2.3,1.7,12.5,21.1
454,Perch,19.7,20.9,21.5,7.9,6.1,8.2,2.7,12.9,679.9
455,Bream,38.6,39.8,41.0,17.8,19.0,22.7,2.7,17.8,9250.3
456,Perch,30.3,31.6,32.7,10.3,10.2,12.1,5.0,18.7,1967.7
457,Whitefish,41.5,43.7,45.6,21.6,17.0,20.8,4.5,14.4,9535.3
458,Smelt,18.2,19.3,20.1,4.4,3.3,5.4,7.0,18.0,156.6
459,Salmon,75.1,79.0,80.9,29.3,19.3,24.6,2.6,17.6,29715.1
460,Smelt,18.4,19.3,19.7,4.8,3.6,5.5,6.2,12.4,164.4
461,Whitefish,31.7,33.5,35.0,15.2,10.5,14.3,3.7,14.7,3074.5
462,Bream,48.6,50.0,51.4,23.7,21.6,29.5,3.0,8.2,16080.2
463,Pike,62.7,64.8,66.4,17.5,13.6,17.7,1.6,8.3,8031.2
464,Whitefish,54.1,56.9,58.9,21.2,18.5,25.1,6.0,19.7,12289.1
465,Roach,25.6,26.7,27.5,9.8,8.2,10.3,3.4,10.2,1324.3
466,Roach,18.0,18.6,19.1,6.8,4.4,6.1,2.5,12.3,349.3
467,Whitefish,36.3,38.0,39.6,17.1,9.5,16.8,1.8,14.2,3334.8
468,Pike,69.3,71.6,73.9,16.4,13.8,17.8,6.1,12.2,8920.4
469,Salmon,55.1,56.9,58.4,15.9,16.6,20.9,2.2,15.8,10035.4
470,Pike,68.7,72.6,76.0,15.8,12.0,20.3,4.4,12.4,6977.6
471,Perch,19.3,19.7,20.3,8.6,4.4,7.6,2.8,10.2,547.7
472,Perch,12.4,12.9,13.3,5.0,3.3,5.3,1.3,9.6,138.1
473,Pike,68.6,72.0,74.2,17.0,13.6,17.1,5.7,14.5,8432.8
474,Smelt,19.2,19.6,20.5,6.1,4.0,5.7,7.2,11.8,248.1
475,Roach,22.5,23.8,24.6,6.2,4.5,8.0,3.6,8.1,372.4
476,Salmon,86.0,90.0,93.6,33.8,22.0,30.9,4.7,16.7,38225.5
